-- phpMyAdmin SQL Dump
-- version 4.5.1
-- http://www.phpmyadmin.net
--
-- Host: 127.0.0.1
-- Generation Time: Feb 02, 2017 at 02:49 AM
-- Server version: 10.1.13-MariaDB
-- PHP Version: 5.6.21

SET SQL_MODE = "NO_AUTO_VALUE_ON_ZERO";
SET time_zone = "+00:00";


/*!40101 SET @OLD_CHARACTER_SET_CLIENT=@@CHARACTER_SET_CLIENT */;
/*!40101 SET @OLD_CHARACTER_SET_RESULTS=@@CHARACTER_SET_RESULTS */;
/*!40101 SET @OLD_COLLATION_CONNECTION=@@COLLATION_CONNECTION */;
/*!40101 SET NAMES utf8mb4 */;

--
-- Database: `ntbkeg`
--

-- --------------------------------------------------------

--
-- Table structure for table `kegiatan`
--

CREATE TABLE `kegiatan` (
  `keg_id` int(11) NOT NULL,
  `keg_nama` varchar(254) NOT NULL,
  `keg_unitkerja` int(5) NOT NULL,
  `keg_start` date NOT NULL,
  `keg_end` date NOT NULL,
  `keg_dibuat_oleh` varchar(20) NOT NULL,
  `keg_dibuat_waktu` datetime NOT NULL,
  `keg_diupdate_oleh` varchar(20) NOT NULL,
  `keg_diupdate_waktu` timestamp NOT NULL DEFAULT CURRENT_TIMESTAMP ON UPDATE CURRENT_TIMESTAMP,
  `keg_jenis` int(1) NOT NULL,
  `keg_total_target` int(11) NOT NULL,
  `keg_target_satuan` varchar(254) NOT NULL,
  `keg_spj` int(1) NOT NULL
) ENGINE=InnoDB DEFAULT CHARSET=latin1;

--
-- Dumping data for table `kegiatan`
--

INSERT INTO `kegiatan` (`keg_id`, `keg_nama`, `keg_unitkerja`, `keg_start`, `keg_end`, `keg_dibuat_oleh`, `keg_dibuat_waktu`, `keg_diupdate_oleh`, `keg_diupdate_waktu`, `keg_jenis`, `keg_total_target`, `keg_target_satuan`, `keg_spj`) VALUES
(1, 'Laporan Pemakaian Listrik, Air, dan Telepon Bulan Desember 2016', 52514, '2017-01-03', '2017-01-10', 'mika', '2017-01-26 14:13:56', 'mika', '2017-01-26 06:13:56', 1, 10, 'laporan', 2),
(2, 'Laporan Pemakaian Listrik, Air, dan Telepon Bulan Januari 2017', 52514, '2017-02-01', '2017-02-10', 'mika', '2017-01-26 14:14:36', 'mika', '2017-01-26 06:14:53', 1, 10, 'Laporan', 2),
(3, 'Laporan Pemakaian Listrik, Air, dan Telepon Bulan Februari', 52514, '2017-03-01', '2017-03-10', 'mika', '2017-01-26 14:17:32', 'mika', '2017-01-26 06:17:32', 1, 10, 'Laporan', 2),
(4, 'BKU bulan Desember 2016', 52513, '2017-01-03', '2017-01-10', 'mika', '2017-01-26 14:19:10', 'mika', '2017-01-26 06:19:10', 1, 10, 'laporan', 2),
(5, 'ADK Desember', 52511, '2017-01-03', '2017-01-10', 'mika', '2017-01-26 14:19:41', 'mika', '2017-01-26 06:19:41', 1, 10, 'Laporan', 2),
(6, 'ADK Januari', 52511, '2017-02-01', '2017-02-10', 'mika', '2017-01-26 14:21:25', 'mika', '2017-01-26 06:21:25', 1, 10, 'Laporan', 2),
(7, 'CKPT/CKPR Kepala BPS Kab/Kota Bulan Desember', 52512, '2017-01-01', '2017-01-05', 'mika', '2017-01-26 14:22:39', 'fathi', '2017-01-26 15:16:30', 1, 10, 'laporan', 2),
(8, 'CKPT/CKPR Kepala BPS Kab/Kota Bulan Januari', 52512, '2017-02-01', '2017-02-03', 'mika', '2017-01-26 14:23:11', 'mika', '2017-01-26 06:23:11', 1, 10, 'laporan', 2),
(9, 'CKPT/CKPR Kepala BPS Kab/Kota Bulan Februari 2017', 52512, '2017-03-01', '2017-03-03', 'mika', '2017-01-26 14:24:22', 'mika', '2017-01-26 06:24:22', 1, 10, 'laporan', 2),
(10, 'Laporan Persediaan Barang Triwulan 4 2016', 52515, '2017-01-03', '2017-01-16', 'mika', '2017-01-26 14:27:09', 'mika', '2017-01-26 06:27:09', 2, 10, 'laporan', 2),
(11, 'Pemutakhiran Rumah Tangga SAKERNAS Semester 1', 52521, '2017-01-16', '2017-01-30', 'mika', '2017-01-26 14:29:16', 'mika', '2017-01-26 06:29:17', 3, 104, 'Blok Sensus', 2),
(12, 'Pencacahan Rumah Tangga SAKERNAS Semester 1', 52521, '2017-02-07', '2017-02-28', 'mika', '2017-01-26 14:33:13', 'mika', '2017-01-26 06:33:13', 3, 1040, 'Rumah Tangga', 2),
(13, 'Updating Susenas Maret 2017', 52523, '2017-02-16', '2017-02-28', 'mika', '2017-01-26 14:34:37', 'mika', '2017-01-26 06:34:37', 3, 150, 'Blok Sensus', 2),
(14, 'Pencacahan Susenas Maret 2017', 52523, '2017-03-07', '2017-03-31', 'mika', '2017-01-26 14:37:32', 'mika', '2017-01-26 06:37:32', 3, 1500, 'Rumah Tangga', 2),
(15, 'Pendaftaran Rumah Tangga Survei Ubinan (SUB-P) Subround III', 52531, '2017-01-03', '2017-01-16', 'mika', '2017-01-26 14:40:02', 'mika', '2017-01-31 07:48:22', 5, 100, 'laporan', 2),
(16, 'Survei Industri Besar Sedang Bulan Desember 2016', 52532, '2017-01-03', '2017-01-20', 'mika', '2017-01-26 14:41:50', 'mika', '2017-01-31 07:52:02', 1, 100, 'laporan', 2),
(17, 'Survei Perusahaan Konstruksi Triwulanan IV 2016', 52533, '2017-01-03', '2017-01-31', 'mika', '2017-01-26 14:43:04', 'mika', '2017-01-31 07:53:52', 2, 120, 'laporan', 2),
(18, 'Survei Harga Konsumen (HK 1.1)', 52541, '2017-01-03', '2017-01-31', 'mika', '2017-01-26 14:44:20', 'mika', '2017-01-31 08:10:46', 1, 20, 'laporan', 2),
(19, 'Survei Harga Produsen Sektor Jasa Bulan Desember 2016', 52542, '2017-01-03', '2017-01-20', 'mika', '2017-01-26 14:45:17', 'mika', '2017-01-26 06:45:17', 1, 10, 'laporan', 2),
(20, 'Daerah Dalam Angka 2017', 52563, '2017-08-01', '2017-08-16', 'mika', '2017-01-26 14:46:03', 'mika', '2017-01-26 06:46:03', 4, 10, 'Publikasi', 2),
(21, 'Pencacahan HK 1.1', 52541, '2017-01-03', '2017-01-31', 'fathi', '2017-01-26 22:45:22', 'fathi', '2017-01-26 14:45:22', 1, 20, 'laporan', 1),
(22, 'Berita Acara MFD Semester 1', 52562, '2017-06-01', '2017-01-20', 'cassli', '2017-01-27 22:29:39', 'cassli', '2017-01-27 14:29:39', 3, 10, 'Laporan', 2),
(23, 'Berita Acara MFD Semester 2', 52562, '2017-12-01', '2017-12-20', 'cassli', '2017-01-27 22:30:38', 'cassli', '2017-01-27 14:30:38', 3, 10, 'Laporan', 2),
(24, 'IMK Triwulan IV 2016', 52532, '2017-01-03', '2017-01-18', 'mika', '2017-01-30 14:43:33', 'mika', '2017-01-30 06:43:33', 2, 1000, 'Dokumen', 1),
(25, 'Pencacahan Industri Besar Kecil 2017 Triwulan I', 52532, '2017-02-01', '2017-02-15', 'mika', '2017-02-01 08:30:42', 'mika', '2017-02-01 00:30:42', 2, 1500, 'dokumen', 1);

-- --------------------------------------------------------

--
-- Table structure for table `keg_detil`
--

CREATE TABLE `keg_detil` (
  `keg_d_id` int(11) NOT NULL,
  `keg_id` int(11) NOT NULL,
  `keg_d_unitkerja` int(5) NOT NULL,
  `keg_d_tgl` date NOT NULL,
  `keg_d_jumlah` int(11) NOT NULL,
  `keg_d_dibuat_oleh` varchar(20) NOT NULL,
  `keg_d_dibuat_waktu` datetime NOT NULL,
  `keg_d_diupdate_oleh` varchar(20) NOT NULL,
  `keg_d_diupdate_waktu` timestamp NOT NULL DEFAULT CURRENT_TIMESTAMP ON UPDATE CURRENT_TIMESTAMP,
  `keg_d_jenis` int(1) NOT NULL,
  `keg_d_link_laci` varchar(254) DEFAULT NULL,
  `keg_d_ket` varchar(254) DEFAULT NULL
) ENGINE=InnoDB DEFAULT CHARSET=latin1;

--
-- Dumping data for table `keg_detil`
--

INSERT INTO `keg_detil` (`keg_d_id`, `keg_id`, `keg_d_unitkerja`, `keg_d_tgl`, `keg_d_jumlah`, `keg_d_dibuat_oleh`, `keg_d_dibuat_waktu`, `keg_d_diupdate_oleh`, `keg_d_diupdate_waktu`, `keg_d_jenis`, `keg_d_link_laci`, `keg_d_ket`) VALUES
(2, 7, 52010, '2017-01-03', 1, 'fathi', '2017-01-26 23:15:48', 'fathi', '2017-01-26 17:16:30', 2, NULL, 'fathi'),
(4, 21, 52710, '2017-01-03', 3, 'fathi', '2017-01-26 23:19:36', 'fathi', '2017-01-26 15:19:36', 1, '', 'email'),
(5, 21, 52710, '2017-01-10', 4, 'fathi', '2017-01-26 23:19:54', 'fathi', '2017-01-26 15:19:54', 1, '', 'email'),
(6, 21, 52710, '2017-01-17', 2, 'fathi', '2017-01-26 23:20:14', 'fathi', '2017-01-26 15:20:14', 1, '', 'email'),
(7, 21, 52710, '2017-01-24', 1, 'fathi', '2017-01-26 23:20:31', 'fathi', '2017-01-26 15:20:31', 1, '', 'email'),
(8, 21, 52710, '2017-01-03', 3, 'fathi', '2017-01-26 23:20:56', 'mika', '2017-01-27 02:30:52', 2, NULL, 'mika'),
(9, 21, 52710, '2017-01-10', 4, 'fathi', '2017-01-26 23:21:26', 'mika', '2017-01-27 02:30:56', 2, NULL, 'mika'),
(10, 21, 52720, '2017-01-03', 2, 'fathi', '2017-01-26 23:28:52', 'fathi', '2017-01-26 15:28:52', 1, '', 'email'),
(11, 21, 52720, '2017-01-03', 2, 'fathi', '2017-01-26 23:37:54', 'mika', '2017-01-27 02:31:11', 2, NULL, 'mika'),
(12, 21, 52720, '2017-01-10', 3, 'fathi', '2017-01-26 23:38:11', 'fathi', '2017-01-26 15:47:34', 1, '', 'email'),
(13, 21, 52720, '2017-01-10', 3, 'fathi', '2017-01-26 23:38:21', 'mika', '2017-01-27 02:31:17', 2, NULL, 'mika'),
(15, 21, 52720, '2017-01-17', 4, 'fathi', '2017-01-26 23:46:50', 'fathi', '2017-01-26 15:46:50', 1, '', 'email'),
(17, 21, 52720, '2017-01-11', 1, 'fathi', '2017-01-26 23:47:48', 'fathi', '2017-01-26 15:47:48', 1, '', 'email'),
(18, 21, 52710, '2017-02-01', 2, 'fathi', '2017-01-27 00:57:35', 'mika', '2017-01-27 02:31:06', 2, NULL, 'mika'),
(19, 21, 52710, '2017-01-31', 1, 'fathi', '2017-01-27 00:58:15', 'mika', '2017-01-27 02:31:02', 2, NULL, 'mika'),
(20, 7, 52020, '2017-01-05', 1, 'fathi', '2017-01-27 01:02:30', 'fathi', '2017-01-26 17:15:17', 2, NULL, 'fathi'),
(21, 7, 52030, '2017-01-03', 1, 'fathi', '2017-01-27 01:14:23', 'fathi', '2017-01-26 17:14:23', 2, NULL, 'fathi'),
(22, 7, 52030, '2017-01-02', 1, 'fathi', '2017-01-27 01:15:06', 'fathi', '2017-01-26 17:15:06', 1, '', 'email'),
(23, 7, 52020, '2017-01-05', 1, 'fathi', '2017-01-27 01:16:53', 'cassli', '2017-01-28 11:48:52', 1, '', 'jne'),
(24, 7, 52040, '2017-01-03', 1, 'fathi', '2017-01-27 01:17:11', 'fathi', '2017-01-26 17:17:11', 1, '', 'email'),
(25, 7, 52040, '2017-01-03', 1, 'fathi', '2017-01-27 01:17:27', 'fathi', '2017-01-26 17:17:27', 2, NULL, 'fathi'),
(26, 11, 52010, '2017-01-24', 6, 'fathi', '2017-01-27 01:26:22', 'fathi', '2017-01-26 17:26:22', 1, '', 'email'),
(27, 11, 52010, '2017-01-24', 6, 'fathi', '2017-01-27 01:26:40', 'fathi', '2017-01-26 17:26:40', 2, NULL, 'fathi'),
(28, 18, 52710, '2017-01-10', 4, 'mika', '2017-01-27 10:29:03', 'mika', '2017-01-27 02:29:03', 2, NULL, 'mika'),
(29, 21, 52720, '2017-01-11', 1, 'mika', '2017-01-27 10:31:38', 'mika', '2017-01-27 02:31:38', 2, NULL, 'mika'),
(32, 21, 52720, '2017-01-17', 3, 'mika', '2017-01-27 10:41:13', 'mika', '2017-01-27 02:41:13', 2, NULL, 'mika'),
(33, 21, 52720, '2017-02-01', 1, 'mika', '2017-01-27 10:41:39', 'mika', '2017-01-27 02:41:48', 2, NULL, 'mika'),
(34, 1, 52010, '2017-01-10', 1, 'mika', '2017-01-27 10:45:10', 'mika', '2017-01-27 02:45:25', 2, NULL, 'mika'),
(35, 1, 52010, '2017-01-10', 1, 'mika', '2017-01-27 11:57:16', 'mika', '2017-01-27 03:57:28', 1, '', 'email'),
(36, 18, 52710, '2017-01-10', 10, 'mika', '2017-01-27 15:29:16', 'mika', '2017-01-27 07:29:16', 1, '', 'email'),
(37, 18, 52720, '2017-01-10', 10, 'mika', '2017-01-27 15:29:31', 'mika', '2017-01-27 07:29:31', 1, '', 'email'),
(38, 18, 52710, '2017-01-17', 6, 'mika', '2017-01-27 15:29:43', 'mika', '2017-01-27 07:29:43', 2, NULL, 'mika'),
(39, 18, 52720, '2017-01-25', 10, 'mika', '2017-01-27 15:29:54', 'mika', '2017-01-27 07:29:54', 2, NULL, 'mika'),
(40, 7, 52050, '2017-01-03', 1, 'mika', '2017-01-27 15:30:49', 'cassli', '2017-01-27 14:27:22', 1, '', 'email'),
(41, 7, 52050, '2017-01-03', 1, 'mika', '2017-01-27 15:31:00', 'mika', '2017-01-27 07:31:00', 2, NULL, 'mika'),
(42, 7, 52060, '2017-01-03', 1, 'mika', '2017-01-27 15:31:10', 'mika', '2017-01-27 07:31:10', 2, NULL, 'mika'),
(43, 7, 52070, '2017-01-02', 1, 'mika', '2017-01-27 15:31:23', 'mika', '2017-01-27 07:31:23', 2, NULL, 'mika'),
(44, 7, 52080, '2017-01-06', 1, 'mika', '2017-01-27 15:31:36', 'cassli', '2017-01-27 14:27:47', 2, NULL, 'cassli'),
(46, 10, 52050, '2017-01-10', 1, 'mika', '2017-01-27 16:15:50', 'mika', '2017-01-27 08:15:50', 1, '', 'email'),
(47, 10, 52050, '2017-01-10', 1, 'mika', '2017-01-27 16:16:02', 'mika', '2017-01-27 08:16:02', 2, NULL, 'mika'),
(48, 10, 52060, '2017-01-11', 1, 'mika', '2017-01-27 16:16:11', 'mika', '2017-01-27 08:16:11', 2, NULL, 'mika'),
(49, 15, 52040, '2017-01-11', 10, 'mika', '2017-01-27 16:16:59', 'mika', '2017-01-27 08:16:59', 2, NULL, 'mika'),
(50, 15, 52030, '2017-01-13', 10, 'mika', '2017-01-27 16:17:09', 'mika', '2017-01-27 08:17:09', 2, NULL, 'mika'),
(51, 15, 52020, '2017-01-12', 10, 'mika', '2017-01-27 16:17:23', 'mika', '2017-01-27 08:17:23', 2, NULL, 'mika'),
(52, 15, 52010, '2017-01-11', 2, 'mika', '2017-01-27 16:17:34', 'rita', '2017-01-28 12:10:23', 2, NULL, 'rita'),
(53, 5, 52040, '2017-01-05', 1, 'mika', '2017-01-27 16:18:05', 'mika', '2017-01-27 08:18:05', 2, NULL, 'mika'),
(54, 5, 52720, '2017-01-03', 1, 'mika', '2017-01-27 16:18:14', 'mika', '2017-01-27 08:18:14', 2, NULL, 'mika'),
(55, 5, 52030, '2017-01-04', 1, 'mika', '2017-01-27 16:18:22', 'mika', '2017-01-27 08:18:22', 2, NULL, 'mika'),
(56, 4, 52040, '2017-01-03', 1, 'mika', '2017-01-27 16:18:38', 'mika', '2017-01-27 08:18:38', 2, NULL, 'mika'),
(57, 4, 52050, '2017-01-03', 1, 'mika', '2017-01-27 16:18:47', 'mika', '2017-01-27 08:18:47', 2, NULL, 'mika'),
(58, 17, 52030, '2017-01-11', 20, 'mika', '2017-01-27 16:20:05', 'mika', '2017-01-27 08:20:05', 2, NULL, 'mika'),
(59, 17, 52040, '2017-01-11', 10, 'mika', '2017-01-27 16:20:15', 'mika', '2017-01-27 08:20:15', 2, NULL, 'mika'),
(60, 17, 52060, '2017-01-11', 10, 'mika', '2017-01-27 16:20:28', 'mika', '2017-01-27 08:20:28', 2, NULL, 'mika'),
(61, 7, 52710, '2017-01-18', 1, 'cassli', '2017-01-27 22:28:00', 'cassli', '2017-01-27 14:28:00', 2, NULL, 'cassli'),
(62, 5, 52010, '2017-01-06', 1, 'cassli', '2017-01-28 19:39:07', 'cassli', '2017-01-28 11:39:07', 1, '', 'email'),
(63, 5, 52010, '2017-01-05', 1, 'cassli', '2017-01-28 19:39:21', 'cassli', '2017-01-28 11:39:58', 2, NULL, 'cassli'),
(64, 5, 52030, '2017-01-04', 1, 'bps5203', '2017-01-28 20:00:22', 'bps5203', '2017-01-28 12:00:22', 1, '', 'EMAIL'),
(65, 7, 52010, '2017-01-13', 1, 'rita', '2017-01-28 20:09:02', 'rita', '2017-01-28 12:09:02', 1, '', 'email'),
(66, 7, 52720, '2017-01-20', 1, 'rita', '2017-01-28 20:09:22', 'rita', '2017-01-28 12:09:22', 2, NULL, 'rita'),
(67, 5, 52070, '2017-01-03', 1, 'mika', '2017-01-28 23:29:55', 'mika', '2017-01-28 15:29:55', 2, NULL, 'mika'),
(68, 5, 52020, '2017-01-25', 1, 'bps5202', '2017-01-29 08:36:29', 'zam', '2017-01-29 00:40:53', 1, '', 'email'),
(69, 4, 52020, '2017-01-11', 1, 'bps5202', '2017-01-29 08:37:24', 'bps5202', '2017-01-29 00:37:24', 1, '', 'email'),
(70, 11, 52020, '2017-01-27', 19, 'bps5202', '2017-01-29 08:37:56', 'bps5202', '2017-01-29 00:37:56', 1, '', 'email'),
(72, 4, 52030, '2017-01-10', 1, 'bps5203', '2017-01-29 08:59:07', 'bps5203', '2017-01-29 00:59:07', 1, '', 'email'),
(73, 5, 52020, '2017-01-05', 1, 'fathi', '2017-01-29 09:16:24', 'fathi', '2017-01-29 01:16:24', 2, NULL, 'fathi'),
(74, 4, 52020, '2017-01-03', 1, 'fathi', '2017-01-30 12:20:08', 'fathi', '2017-01-30 04:20:08', 2, NULL, 'fathi'),
(75, 15, 52010, '2017-01-12', 5, 'mika', '2017-01-30 14:33:47', 'mika', '2017-01-30 06:33:47', 2, NULL, 'mika'),
(76, 15, 52010, '2017-01-16', 3, 'mika', '2017-01-30 14:34:02', 'mika', '2017-01-30 06:34:02', 2, NULL, 'mika'),
(77, 8, 52030, '2017-02-01', 1, 'mika', '2017-02-01 08:42:00', 'mika', '2017-02-01 00:42:00', 1, '', 'email'),
(78, 8, 52030, '2017-02-01', 1, 'mika', '2017-02-01 08:42:08', 'mika', '2017-02-01 00:42:08', 2, NULL, 'mika'),
(79, 11, 52020, '2017-01-30', 19, 'mika', '2017-02-01 12:30:03', 'mika', '2017-02-01 04:30:03', 2, NULL, 'mika');

-- --------------------------------------------------------

--
-- Table structure for table `keg_d_file`
--

CREATE TABLE `keg_d_file` (
  `file_id` bigint(12) NOT NULL,
  `keg_d_id` int(11) NOT NULL,
  `file_nama` varchar(255) NOT NULL,
  `file_tipe` int(1) NOT NULL,
  `file_tanggal` datetime NOT NULL,
  `file_update` datetime NOT NULL
) ENGINE=InnoDB DEFAULT CHARSET=latin1;

-- --------------------------------------------------------

--
-- Table structure for table `keg_spj`
--

CREATE TABLE `keg_spj` (
  `keg_s_id` int(11) NOT NULL,
  `keg_id` int(11) NOT NULL,
  `keg_s_unitkerja` int(5) NOT NULL,
  `keg_s_target` int(11) NOT NULL,
  `keg_s_dibuat_oleh` varchar(20) NOT NULL,
  `keg_s_dibuat_waktu` datetime NOT NULL,
  `keg_s_diupdate_oleh` varchar(20) NOT NULL,
  `keg_s_diupdate_waktu` timestamp NOT NULL DEFAULT CURRENT_TIMESTAMP ON UPDATE CURRENT_TIMESTAMP,
  `keg_s_point_waktu` float(6,4) NOT NULL,
  `keg_s_point_jumlah` float(6,4) NOT NULL,
  `keg_s_point` float(6,4) NOT NULL
) ENGINE=InnoDB DEFAULT CHARSET=latin1;

--
-- Dumping data for table `keg_spj`
--

INSERT INTO `keg_spj` (`keg_s_id`, `keg_id`, `keg_s_unitkerja`, `keg_s_target`, `keg_s_dibuat_oleh`, `keg_s_dibuat_waktu`, `keg_s_diupdate_oleh`, `keg_s_diupdate_waktu`, `keg_s_point_waktu`, `keg_s_point_jumlah`, `keg_s_point`) VALUES
(1, 21, 52710, 3, 'fathi', '2017-01-26 22:45:22', 'fathi', '2017-01-26 14:45:23', 0.0000, 0.0000, 0.0000),
(2, 21, 52720, 3, 'fathi', '2017-01-26 22:45:22', 'fathi', '2017-01-26 14:45:23', 0.0000, 0.0000, 0.0000),
(3, 24, 52010, 1, 'mika', '2017-01-30 14:43:33', 'mika', '2017-02-02 00:01:47', 0.0000, 5.0000, 3.5000),
(4, 24, 52020, 1, 'mika', '2017-01-30 14:43:33', 'mika', '2017-01-30 06:43:35', 0.0000, 0.0000, 0.0000),
(5, 24, 52030, 1, 'mika', '2017-01-30 14:43:33', 'mika', '2017-01-30 06:43:35', 0.0000, 0.0000, 0.0000),
(6, 24, 52040, 1, 'mika', '2017-01-30 14:43:33', 'mika', '2017-01-30 06:43:35', 0.0000, 0.0000, 0.0000),
(7, 24, 52050, 1, 'mika', '2017-01-30 14:43:33', 'mika', '2017-01-30 06:43:36', 0.0000, 0.0000, 0.0000),
(8, 24, 52060, 1, 'mika', '2017-01-30 14:43:33', 'mika', '2017-01-30 06:43:36', 0.0000, 0.0000, 0.0000),
(9, 24, 52070, 1, 'mika', '2017-01-30 14:43:33', 'mika', '2017-01-30 06:43:36', 0.0000, 0.0000, 0.0000),
(10, 24, 52080, 1, 'mika', '2017-01-30 14:43:33', 'mika', '2017-01-30 06:43:36', 0.0000, 0.0000, 0.0000),
(11, 24, 52710, 1, 'mika', '2017-01-30 14:43:33', 'mika', '2017-01-30 06:43:36', 0.0000, 0.0000, 0.0000),
(12, 24, 52720, 1, 'mika', '2017-01-30 14:43:33', 'mika', '2017-01-30 06:43:36', 0.0000, 0.0000, 0.0000),
(13, 25, 52010, 2, 'mika', '2017-02-01 08:30:42', 'mika', '2017-02-01 00:30:43', 0.0000, 0.0000, 0.0000),
(14, 25, 52020, 2, 'mika', '2017-02-01 08:30:42', 'mika', '2017-02-01 00:30:43', 0.0000, 0.0000, 0.0000),
(15, 25, 52030, 2, 'mika', '2017-02-01 08:30:42', 'mika', '2017-02-01 00:30:43', 0.0000, 0.0000, 0.0000),
(16, 25, 52040, 2, 'mika', '2017-02-01 08:30:42', 'mika', '2017-02-01 00:30:43', 0.0000, 0.0000, 0.0000),
(17, 25, 52050, 2, 'mika', '2017-02-01 08:30:42', 'mika', '2017-02-01 00:30:43', 0.0000, 0.0000, 0.0000),
(18, 25, 52060, 2, 'mika', '2017-02-01 08:30:42', 'mika', '2017-02-01 00:30:43', 0.0000, 0.0000, 0.0000),
(19, 25, 52070, 2, 'mika', '2017-02-01 08:30:42', 'mika', '2017-02-01 00:30:43', 0.0000, 0.0000, 0.0000),
(20, 25, 52080, 2, 'mika', '2017-02-01 08:30:42', 'mika', '2017-02-01 00:30:44', 0.0000, 0.0000, 0.0000),
(21, 25, 52710, 2, 'mika', '2017-02-01 08:30:42', 'mika', '2017-02-01 00:30:44', 0.0000, 0.0000, 0.0000),
(22, 25, 52720, 2, 'mika', '2017-02-01 08:30:42', 'mika', '2017-02-01 00:30:44', 0.0000, 0.0000, 0.0000);

-- --------------------------------------------------------

--
-- Table structure for table `keg_target`
--

CREATE TABLE `keg_target` (
  `keg_t_id` int(11) NOT NULL,
  `keg_id` int(11) NOT NULL,
  `keg_t_unitkerja` int(5) NOT NULL,
  `keg_t_target` int(11) NOT NULL,
  `keg_t_dibuat_oleh` varchar(20) NOT NULL,
  `keg_t_dibuat_waktu` datetime NOT NULL,
  `keg_t_diupdate_oleh` varchar(20) NOT NULL,
  `keg_t_diupdate_waktu` timestamp NOT NULL DEFAULT CURRENT_TIMESTAMP ON UPDATE CURRENT_TIMESTAMP,
  `keg_t_point_waktu` float(6,4) NOT NULL,
  `keg_t_point_jumlah` float(6,4) NOT NULL,
  `keg_t_point` float(6,4) NOT NULL
) ENGINE=InnoDB DEFAULT CHARSET=latin1;

--
-- Dumping data for table `keg_target`
--

INSERT INTO `keg_target` (`keg_t_id`, `keg_id`, `keg_t_unitkerja`, `keg_t_target`, `keg_t_dibuat_oleh`, `keg_t_dibuat_waktu`, `keg_t_diupdate_oleh`, `keg_t_diupdate_waktu`, `keg_t_point_waktu`, `keg_t_point_jumlah`, `keg_t_point`) VALUES
(1, 1, 52010, 1, 'mika', '2017-01-26 14:13:56', 'mika', '2017-01-27 02:45:25', 1.0000, 5.0000, 3.8000),
(2, 1, 52020, 1, 'mika', '2017-01-26 14:13:56', 'mika', '2017-01-26 06:13:56', 0.0000, 0.0000, 0.0000),
(3, 1, 52030, 1, 'mika', '2017-01-26 14:13:56', 'mika', '2017-01-26 06:13:57', 0.0000, 0.0000, 0.0000),
(4, 1, 52040, 1, 'mika', '2017-01-26 14:13:56', 'mika', '2017-01-26 06:13:57', 0.0000, 0.0000, 0.0000),
(5, 1, 52050, 1, 'mika', '2017-01-26 14:13:56', 'mika', '2017-01-26 06:13:57', 0.0000, 0.0000, 0.0000),
(6, 1, 52060, 1, 'mika', '2017-01-26 14:13:56', 'mika', '2017-01-26 06:13:57', 0.0000, 0.0000, 0.0000),
(7, 1, 52070, 1, 'mika', '2017-01-26 14:13:56', 'mika', '2017-01-26 06:13:57', 0.0000, 0.0000, 0.0000),
(8, 1, 52080, 1, 'mika', '2017-01-26 14:13:56', 'mika', '2017-01-26 06:13:57', 0.0000, 0.0000, 0.0000),
(9, 1, 52710, 1, 'mika', '2017-01-26 14:13:56', 'mika', '2017-01-26 06:13:57', 0.0000, 0.0000, 0.0000),
(10, 1, 52720, 1, 'mika', '2017-01-26 14:13:56', 'mika', '2017-01-26 06:13:57', 0.0000, 0.0000, 0.0000),
(11, 2, 52010, 1, 'mika', '2017-01-26 14:14:36', 'mika', '2017-01-26 06:14:36', 0.0000, 0.0000, 0.0000),
(12, 2, 52020, 1, 'mika', '2017-01-26 14:14:36', 'mika', '2017-01-26 06:14:36', 0.0000, 0.0000, 0.0000),
(13, 2, 52030, 1, 'mika', '2017-01-26 14:14:36', 'mika', '2017-01-26 06:14:36', 0.0000, 0.0000, 0.0000),
(14, 2, 52040, 1, 'mika', '2017-01-26 14:14:36', 'mika', '2017-01-26 06:14:37', 0.0000, 0.0000, 0.0000),
(15, 2, 52050, 1, 'mika', '2017-01-26 14:14:36', 'mika', '2017-01-26 06:14:37', 0.0000, 0.0000, 0.0000),
(16, 2, 52060, 1, 'mika', '2017-01-26 14:14:36', 'mika', '2017-01-26 06:14:37', 0.0000, 0.0000, 0.0000),
(17, 2, 52070, 1, 'mika', '2017-01-26 14:14:36', 'mika', '2017-01-26 06:14:37', 0.0000, 0.0000, 0.0000),
(18, 2, 52080, 1, 'mika', '2017-01-26 14:14:36', 'mika', '2017-01-26 06:14:37', 0.0000, 0.0000, 0.0000),
(19, 2, 52710, 1, 'mika', '2017-01-26 14:14:36', 'mika', '2017-01-26 06:14:37', 0.0000, 0.0000, 0.0000),
(20, 2, 52720, 1, 'mika', '2017-01-26 14:14:36', 'mika', '2017-01-26 06:14:37', 0.0000, 0.0000, 0.0000),
(21, 3, 52010, 1, 'mika', '2017-01-26 14:17:32', 'mika', '2017-01-26 06:17:32', 0.0000, 0.0000, 0.0000),
(22, 3, 52020, 1, 'mika', '2017-01-26 14:17:32', 'mika', '2017-01-26 06:17:33', 0.0000, 0.0000, 0.0000),
(23, 3, 52030, 1, 'mika', '2017-01-26 14:17:32', 'mika', '2017-01-26 06:17:33', 0.0000, 0.0000, 0.0000),
(24, 3, 52040, 1, 'mika', '2017-01-26 14:17:32', 'mika', '2017-01-26 06:17:33', 0.0000, 0.0000, 0.0000),
(25, 3, 52050, 1, 'mika', '2017-01-26 14:17:32', 'mika', '2017-01-26 06:17:33', 0.0000, 0.0000, 0.0000),
(26, 3, 52060, 1, 'mika', '2017-01-26 14:17:32', 'mika', '2017-01-26 06:17:33', 0.0000, 0.0000, 0.0000),
(27, 3, 52070, 1, 'mika', '2017-01-26 14:17:32', 'mika', '2017-01-26 06:17:33', 0.0000, 0.0000, 0.0000),
(28, 3, 52080, 1, 'mika', '2017-01-26 14:17:32', 'mika', '2017-01-26 06:17:33', 0.0000, 0.0000, 0.0000),
(29, 3, 52710, 1, 'mika', '2017-01-26 14:17:32', 'mika', '2017-01-26 06:17:33', 0.0000, 0.0000, 0.0000),
(30, 3, 52720, 1, 'mika', '2017-01-26 14:17:32', 'mika', '2017-01-26 06:17:34', 0.0000, 0.0000, 0.0000),
(31, 4, 52010, 1, 'mika', '2017-01-26 14:19:10', 'mika', '2017-01-26 06:19:10', 0.0000, 0.0000, 0.0000),
(32, 4, 52020, 1, 'mika', '2017-01-26 14:19:10', 'mika', '2017-01-30 04:20:08', 5.0000, 5.0000, 5.0000),
(33, 4, 52030, 1, 'mika', '2017-01-26 14:19:10', 'mika', '2017-01-26 06:19:10', 0.0000, 0.0000, 0.0000),
(34, 4, 52040, 1, 'mika', '2017-01-26 14:19:10', 'mika', '2017-01-27 08:18:38', 5.0000, 5.0000, 5.0000),
(35, 4, 52050, 1, 'mika', '2017-01-26 14:19:10', 'mika', '2017-01-27 08:18:47', 5.0000, 5.0000, 5.0000),
(36, 4, 52060, 1, 'mika', '2017-01-26 14:19:10', 'mika', '2017-01-26 06:19:11', 0.0000, 0.0000, 0.0000),
(37, 4, 52070, 1, 'mika', '2017-01-26 14:19:10', 'mika', '2017-01-26 06:19:11', 0.0000, 0.0000, 0.0000),
(38, 4, 52080, 1, 'mika', '2017-01-26 14:19:10', 'mika', '2017-01-26 06:19:11', 0.0000, 0.0000, 0.0000),
(39, 4, 52710, 1, 'mika', '2017-01-26 14:19:10', 'mika', '2017-01-26 06:19:11', 0.0000, 0.0000, 0.0000),
(40, 4, 52720, 1, 'mika', '2017-01-26 14:19:10', 'mika', '2017-01-26 06:19:11', 0.0000, 0.0000, 0.0000),
(41, 5, 52010, 1, 'mika', '2017-01-26 14:19:41', 'mika', '2017-01-28 11:39:58', 5.0000, 5.0000, 5.0000),
(42, 5, 52020, 1, 'mika', '2017-01-26 14:19:41', 'mika', '2017-01-29 01:16:24', 5.0000, 5.0000, 5.0000),
(43, 5, 52030, 1, 'mika', '2017-01-26 14:19:41', 'mika', '2017-01-27 08:18:22', 5.0000, 5.0000, 5.0000),
(44, 5, 52040, 1, 'mika', '2017-01-26 14:19:41', 'mika', '2017-01-27 08:18:05', 5.0000, 5.0000, 5.0000),
(45, 5, 52050, 1, 'mika', '2017-01-26 14:19:41', 'mika', '2017-01-26 06:19:42', 0.0000, 0.0000, 0.0000),
(46, 5, 52060, 1, 'mika', '2017-01-26 14:19:41', 'mika', '2017-01-26 06:19:42', 0.0000, 0.0000, 0.0000),
(47, 5, 52070, 1, 'mika', '2017-01-26 14:19:41', 'mika', '2017-01-28 15:29:55', 5.0000, 5.0000, 5.0000),
(48, 5, 52080, 1, 'mika', '2017-01-26 14:19:41', 'mika', '2017-01-26 06:19:42', 0.0000, 0.0000, 0.0000),
(49, 5, 52710, 1, 'mika', '2017-01-26 14:19:41', 'mika', '2017-01-26 06:19:42', 0.0000, 0.0000, 0.0000),
(50, 5, 52720, 1, 'mika', '2017-01-26 14:19:41', 'mika', '2017-01-27 08:18:14', 5.0000, 5.0000, 5.0000),
(51, 6, 52010, 1, 'mika', '2017-01-26 14:21:25', 'mika', '2017-01-26 06:21:25', 0.0000, 0.0000, 0.0000),
(52, 6, 52020, 1, 'mika', '2017-01-26 14:21:25', 'mika', '2017-01-26 06:21:26', 0.0000, 0.0000, 0.0000),
(53, 6, 52030, 1, 'mika', '2017-01-26 14:21:25', 'mika', '2017-01-26 06:21:26', 0.0000, 0.0000, 0.0000),
(54, 6, 52040, 1, 'mika', '2017-01-26 14:21:25', 'mika', '2017-01-26 06:21:26', 0.0000, 0.0000, 0.0000),
(55, 6, 52050, 1, 'mika', '2017-01-26 14:21:25', 'mika', '2017-01-26 06:21:26', 0.0000, 0.0000, 0.0000),
(56, 6, 52060, 1, 'mika', '2017-01-26 14:21:25', 'mika', '2017-01-26 06:21:26', 0.0000, 0.0000, 0.0000),
(57, 6, 52070, 1, 'mika', '2017-01-26 14:21:25', 'mika', '2017-01-26 06:21:26', 0.0000, 0.0000, 0.0000),
(58, 6, 52080, 1, 'mika', '2017-01-26 14:21:25', 'mika', '2017-01-26 06:21:26', 0.0000, 0.0000, 0.0000),
(59, 6, 52710, 1, 'mika', '2017-01-26 14:21:25', 'mika', '2017-01-26 06:21:26', 0.0000, 0.0000, 0.0000),
(60, 6, 52720, 1, 'mika', '2017-01-26 14:21:25', 'mika', '2017-01-26 06:21:26', 0.0000, 0.0000, 0.0000),
(61, 7, 52010, 1, 'mika', '2017-01-26 14:22:39', 'fathi', '2017-01-26 17:16:31', 3.0000, 5.0000, 4.4000),
(62, 7, 52020, 1, 'mika', '2017-01-26 14:22:39', 'fathi', '2017-01-26 17:16:18', 1.0000, 5.0000, 3.8000),
(63, 7, 52030, 1, 'mika', '2017-01-26 14:22:39', 'fathi', '2017-01-26 17:14:23', 3.0000, 5.0000, 4.4000),
(64, 7, 52040, 1, 'mika', '2017-01-26 14:22:39', 'fathi', '2017-01-26 17:17:27', 3.0000, 5.0000, 4.4000),
(65, 7, 52050, 1, 'mika', '2017-01-26 14:22:39', 'fathi', '2017-01-27 07:31:01', 3.0000, 5.0000, 4.4000),
(66, 7, 52060, 1, 'mika', '2017-01-26 14:22:39', 'fathi', '2017-01-27 07:31:11', 3.0000, 5.0000, 4.4000),
(67, 7, 52070, 1, 'mika', '2017-01-26 14:22:39', 'fathi', '2017-01-27 07:31:23', 3.0000, 5.0000, 4.4000),
(68, 7, 52080, 1, 'mika', '2017-01-26 14:22:39', 'fathi', '2017-01-27 07:31:36', 0.0000, 5.0000, 3.5000),
(69, 7, 52710, 1, 'mika', '2017-01-26 14:22:39', 'fathi', '2017-01-27 14:28:00', 0.0000, 5.0000, 3.5000),
(70, 7, 52720, 1, 'mika', '2017-01-26 14:22:39', 'fathi', '2017-01-28 12:09:22', 0.0000, 5.0000, 3.5000),
(71, 8, 52010, 1, 'mika', '2017-01-26 14:23:11', 'mika', '2017-01-26 06:23:11', 0.0000, 0.0000, 0.0000),
(72, 8, 52020, 1, 'mika', '2017-01-26 14:23:11', 'mika', '2017-01-26 06:23:11', 0.0000, 0.0000, 0.0000),
(73, 8, 52030, 1, 'mika', '2017-01-26 14:23:11', 'mika', '2017-02-01 00:42:08', 3.0000, 5.0000, 4.4000),
(74, 8, 52040, 1, 'mika', '2017-01-26 14:23:11', 'mika', '2017-01-26 06:23:12', 0.0000, 0.0000, 0.0000),
(75, 8, 52050, 1, 'mika', '2017-01-26 14:23:11', 'mika', '2017-01-26 06:23:12', 0.0000, 0.0000, 0.0000),
(76, 8, 52060, 1, 'mika', '2017-01-26 14:23:11', 'mika', '2017-01-26 06:23:12', 0.0000, 0.0000, 0.0000),
(77, 8, 52070, 1, 'mika', '2017-01-26 14:23:11', 'mika', '2017-01-26 06:23:12', 0.0000, 0.0000, 0.0000),
(78, 8, 52080, 1, 'mika', '2017-01-26 14:23:11', 'mika', '2017-01-26 06:23:12', 0.0000, 0.0000, 0.0000),
(79, 8, 52710, 1, 'mika', '2017-01-26 14:23:11', 'mika', '2017-01-26 06:23:12', 0.0000, 0.0000, 0.0000),
(80, 8, 52720, 1, 'mika', '2017-01-26 14:23:11', 'mika', '2017-01-26 06:23:12', 0.0000, 0.0000, 0.0000),
(81, 9, 52010, 1, 'mika', '2017-01-26 14:24:22', 'mika', '2017-01-26 06:24:22', 0.0000, 0.0000, 0.0000),
(82, 9, 52020, 1, 'mika', '2017-01-26 14:24:22', 'mika', '2017-01-26 06:24:23', 0.0000, 0.0000, 0.0000),
(83, 9, 52030, 1, 'mika', '2017-01-26 14:24:22', 'mika', '2017-01-26 06:24:23', 0.0000, 0.0000, 0.0000),
(84, 9, 52040, 1, 'mika', '2017-01-26 14:24:22', 'mika', '2017-01-26 06:24:23', 0.0000, 0.0000, 0.0000),
(85, 9, 52050, 1, 'mika', '2017-01-26 14:24:22', 'mika', '2017-01-26 06:24:23', 0.0000, 0.0000, 0.0000),
(86, 9, 52060, 1, 'mika', '2017-01-26 14:24:22', 'mika', '2017-01-26 06:24:23', 0.0000, 0.0000, 0.0000),
(87, 9, 52070, 1, 'mika', '2017-01-26 14:24:22', 'mika', '2017-01-26 06:24:23', 0.0000, 0.0000, 0.0000),
(88, 9, 52080, 1, 'mika', '2017-01-26 14:24:22', 'mika', '2017-01-26 06:24:23', 0.0000, 0.0000, 0.0000),
(89, 9, 52710, 1, 'mika', '2017-01-26 14:24:22', 'mika', '2017-01-26 06:24:23', 0.0000, 0.0000, 0.0000),
(90, 9, 52720, 1, 'mika', '2017-01-26 14:24:22', 'mika', '2017-01-26 06:24:23', 0.0000, 0.0000, 0.0000),
(91, 10, 52010, 1, 'mika', '2017-01-26 14:27:09', 'mika', '2017-01-26 06:27:09', 0.0000, 0.0000, 0.0000),
(92, 10, 52020, 1, 'mika', '2017-01-26 14:27:09', 'mika', '2017-01-26 06:27:09', 0.0000, 0.0000, 0.0000),
(93, 10, 52030, 1, 'mika', '2017-01-26 14:27:09', 'mika', '2017-01-26 06:27:09', 0.0000, 0.0000, 0.0000),
(94, 10, 52040, 1, 'mika', '2017-01-26 14:27:09', 'mika', '2017-01-26 06:27:10', 0.0000, 0.0000, 0.0000),
(95, 10, 52050, 1, 'mika', '2017-01-26 14:27:09', 'mika', '2017-01-27 08:16:03', 5.0000, 5.0000, 5.0000),
(96, 10, 52060, 1, 'mika', '2017-01-26 14:27:09', 'mika', '2017-01-27 08:16:11', 5.0000, 5.0000, 5.0000),
(97, 10, 52070, 1, 'mika', '2017-01-26 14:27:09', 'mika', '2017-01-26 06:27:10', 0.0000, 0.0000, 0.0000),
(98, 10, 52080, 1, 'mika', '2017-01-26 14:27:09', 'mika', '2017-01-26 06:27:10', 0.0000, 0.0000, 0.0000),
(99, 10, 52710, 1, 'mika', '2017-01-26 14:27:09', 'mika', '2017-01-26 06:27:10', 0.0000, 0.0000, 0.0000),
(100, 10, 52720, 1, 'mika', '2017-01-26 14:27:09', 'mika', '2017-01-26 06:27:10', 0.0000, 0.0000, 0.0000),
(101, 11, 52010, 15, 'mika', '2017-01-26 14:29:16', 'mika', '2017-01-26 17:26:40', 5.0000, 0.0000, 1.5000),
(102, 11, 52020, 19, 'mika', '2017-01-26 14:29:16', 'mika', '2017-02-01 04:30:03', 1.0000, 5.0000, 3.8000),
(103, 11, 52030, 22, 'mika', '2017-01-26 14:29:16', 'mika', '2017-01-26 06:31:17', 0.0000, 0.0000, 0.0000),
(104, 11, 52040, 12, 'mika', '2017-01-26 14:29:16', 'mika', '2017-01-26 06:31:17', 0.0000, 0.0000, 0.0000),
(105, 11, 52050, 12, 'mika', '2017-01-26 14:29:16', 'mika', '2017-01-26 06:30:36', 0.0000, 0.0000, 0.0000),
(106, 11, 52060, 12, 'mika', '2017-01-26 14:29:16', 'mika', '2017-01-26 06:31:17', 0.0000, 0.0000, 0.0000),
(107, 11, 52070, 8, 'mika', '2017-01-26 14:29:16', 'mika', '2017-01-26 06:31:17', 0.0000, 0.0000, 0.0000),
(108, 11, 52080, 8, 'mika', '2017-01-26 14:29:16', 'mika', '2017-01-26 06:31:18', 0.0000, 0.0000, 0.0000),
(109, 11, 52710, 12, 'mika', '2017-01-26 14:29:16', 'mika', '2017-01-26 06:31:18', 0.0000, 0.0000, 0.0000),
(110, 11, 52720, 8, 'mika', '2017-01-26 14:29:16', 'mika', '2017-01-26 06:31:18', 0.0000, 0.0000, 0.0000),
(111, 12, 52010, 150, 'mika', '2017-01-26 14:33:13', 'mika', '2017-01-26 06:33:13', 0.0000, 0.0000, 0.0000),
(112, 12, 52020, 190, 'mika', '2017-01-26 14:33:13', 'mika', '2017-01-26 06:33:13', 0.0000, 0.0000, 0.0000),
(113, 12, 52030, 250, 'mika', '2017-01-26 14:33:13', 'mika', '2017-01-26 06:33:14', 0.0000, 0.0000, 0.0000),
(114, 12, 52040, 120, 'mika', '2017-01-26 14:33:13', 'mika', '2017-01-26 06:33:14', 0.0000, 0.0000, 0.0000),
(115, 12, 52050, 90, 'mika', '2017-01-26 14:33:13', 'mika', '2017-01-26 06:33:14', 0.0000, 0.0000, 0.0000),
(116, 12, 52060, 130, 'mika', '2017-01-26 14:33:13', 'mika', '2017-01-26 06:33:14', 0.0000, 0.0000, 0.0000),
(117, 12, 52070, 70, 'mika', '2017-01-26 14:33:13', 'mika', '2017-01-26 06:33:14', 0.0000, 0.0000, 0.0000),
(118, 12, 52080, 60, 'mika', '2017-01-26 14:33:13', 'mika', '2017-01-26 06:33:14', 0.0000, 0.0000, 0.0000),
(119, 12, 52710, 110, 'mika', '2017-01-26 14:33:13', 'mika', '2017-01-26 06:33:14', 0.0000, 0.0000, 0.0000),
(120, 12, 52720, 50, 'mika', '2017-01-26 14:33:13', 'mika', '2017-01-26 06:33:14', 0.0000, 0.0000, 0.0000),
(121, 13, 52010, 22, 'mika', '2017-01-26 14:34:37', 'mika', '2017-01-26 06:34:37', 0.0000, 0.0000, 0.0000),
(122, 13, 52020, 15, 'mika', '2017-01-26 14:34:37', 'mika', '2017-01-26 06:34:37', 0.0000, 0.0000, 0.0000),
(123, 13, 52030, 30, 'mika', '2017-01-26 14:34:37', 'mika', '2017-01-26 06:34:37', 0.0000, 0.0000, 0.0000),
(124, 13, 52040, 14, 'mika', '2017-01-26 14:34:37', 'mika', '2017-01-26 06:34:38', 0.0000, 0.0000, 0.0000),
(125, 13, 52050, 13, 'mika', '2017-01-26 14:34:37', 'mika', '2017-01-26 06:34:38', 0.0000, 0.0000, 0.0000),
(126, 13, 52060, 16, 'mika', '2017-01-26 14:34:37', 'mika', '2017-01-26 06:34:38', 0.0000, 0.0000, 0.0000),
(127, 13, 52070, 11, 'mika', '2017-01-26 14:34:37', 'mika', '2017-01-26 06:34:38', 0.0000, 0.0000, 0.0000),
(128, 13, 52080, 8, 'mika', '2017-01-26 14:34:37', 'mika', '2017-01-26 06:34:38', 0.0000, 0.0000, 0.0000),
(129, 13, 52710, 10, 'mika', '2017-01-26 14:34:37', 'mika', '2017-01-26 06:34:38', 0.0000, 0.0000, 0.0000),
(130, 13, 52720, 6, 'mika', '2017-01-26 14:34:37', 'mika', '2017-01-26 06:34:38', 0.0000, 0.0000, 0.0000),
(131, 14, 52010, 150, 'mika', '2017-01-26 14:37:32', 'mika', '2017-01-26 06:37:32', 0.0000, 0.0000, 0.0000),
(132, 14, 52020, 200, 'mika', '2017-01-26 14:37:32', 'mika', '2017-01-26 06:37:33', 0.0000, 0.0000, 0.0000),
(133, 14, 52030, 250, 'mika', '2017-01-26 14:37:32', 'mika', '2017-01-26 06:37:33', 0.0000, 0.0000, 0.0000),
(134, 14, 52040, 140, 'mika', '2017-01-26 14:37:32', 'mika', '2017-01-26 06:37:33', 0.0000, 0.0000, 0.0000),
(135, 14, 52050, 110, 'mika', '2017-01-26 14:37:32', 'mika', '2017-01-26 06:37:33', 0.0000, 0.0000, 0.0000),
(136, 14, 52060, 160, 'mika', '2017-01-26 14:37:32', 'mika', '2017-01-26 06:37:33', 0.0000, 0.0000, 0.0000),
(137, 14, 52070, 70, 'mika', '2017-01-26 14:37:32', 'mika', '2017-01-26 06:37:33', 0.0000, 0.0000, 0.0000),
(138, 14, 52080, 80, 'mika', '2017-01-26 14:37:32', 'mika', '2017-01-26 06:37:33', 0.0000, 0.0000, 0.0000),
(139, 14, 52710, 110, 'mika', '2017-01-26 14:37:32', 'mika', '2017-01-26 06:37:33', 0.0000, 0.0000, 0.0000),
(140, 14, 52720, 50, 'mika', '2017-01-26 14:37:32', 'mika', '2017-01-26 06:37:34', 0.0000, 0.0000, 0.0000),
(141, 15, 52010, 10, 'mika', '2017-01-26 14:40:02', 'mika', '2017-01-30 06:34:02', 3.0000, 5.0000, 4.4000),
(142, 15, 52020, 10, 'mika', '2017-01-26 14:40:02', 'mika', '2017-01-27 08:17:23', 3.0000, 5.0000, 4.4000),
(143, 15, 52030, 10, 'mika', '2017-01-26 14:40:02', 'mika', '2017-01-27 08:17:09', 3.0000, 5.0000, 4.4000),
(144, 15, 52040, 10, 'mika', '2017-01-26 14:40:02', 'mika', '2017-01-27 08:16:59', 5.0000, 5.0000, 5.0000),
(145, 15, 52050, 10, 'mika', '2017-01-26 14:40:02', 'mika', '2017-01-26 06:40:03', 0.0000, 0.0000, 0.0000),
(146, 15, 52060, 10, 'mika', '2017-01-26 14:40:02', 'mika', '2017-01-26 06:40:03', 0.0000, 0.0000, 0.0000),
(147, 15, 52070, 10, 'mika', '2017-01-26 14:40:02', 'mika', '2017-01-26 06:40:03', 0.0000, 0.0000, 0.0000),
(148, 15, 52080, 10, 'mika', '2017-01-26 14:40:02', 'mika', '2017-01-26 06:40:03', 0.0000, 0.0000, 0.0000),
(149, 15, 52710, 10, 'mika', '2017-01-26 14:40:02', 'mika', '2017-01-26 06:40:03', 0.0000, 0.0000, 0.0000),
(150, 15, 52720, 10, 'mika', '2017-01-26 14:40:02', 'mika', '2017-01-26 06:40:03', 0.0000, 0.0000, 0.0000),
(151, 16, 52010, 10, 'mika', '2017-01-26 14:41:50', 'mika', '2017-01-26 06:41:51', 0.0000, 0.0000, 0.0000),
(152, 16, 52020, 10, 'mika', '2017-01-26 14:41:50', 'mika', '2017-01-26 06:41:51', 0.0000, 0.0000, 0.0000),
(153, 16, 52030, 10, 'mika', '2017-01-26 14:41:50', 'mika', '2017-01-26 06:41:51', 0.0000, 0.0000, 0.0000),
(154, 16, 52040, 10, 'mika', '2017-01-26 14:41:50', 'mika', '2017-01-26 06:41:51', 0.0000, 0.0000, 0.0000),
(155, 16, 52050, 10, 'mika', '2017-01-26 14:41:50', 'mika', '2017-01-26 06:41:51', 0.0000, 0.0000, 0.0000),
(156, 16, 52060, 10, 'mika', '2017-01-26 14:41:50', 'mika', '2017-01-26 06:41:51', 0.0000, 0.0000, 0.0000),
(157, 16, 52070, 10, 'mika', '2017-01-26 14:41:50', 'mika', '2017-01-26 06:41:51', 0.0000, 0.0000, 0.0000),
(158, 16, 52080, 10, 'mika', '2017-01-26 14:41:50', 'mika', '2017-01-26 06:41:51', 0.0000, 0.0000, 0.0000),
(159, 16, 52710, 10, 'mika', '2017-01-26 14:41:50', 'mika', '2017-01-26 06:41:52', 0.0000, 0.0000, 0.0000),
(160, 16, 52720, 10, 'mika', '2017-01-26 14:41:50', 'mika', '2017-01-26 06:41:52', 0.0000, 0.0000, 0.0000),
(161, 17, 52010, 10, 'mika', '2017-01-26 14:43:04', 'mika', '2017-01-26 06:43:04', 0.0000, 0.0000, 0.0000),
(162, 17, 52020, 20, 'mika', '2017-01-26 14:43:04', 'mika', '2017-01-26 06:43:04', 0.0000, 0.0000, 0.0000),
(163, 17, 52030, 20, 'mika', '2017-01-26 14:43:04', 'mika', '2017-01-27 08:20:05', 5.0000, 5.0000, 5.0000),
(164, 17, 52040, 10, 'mika', '2017-01-26 14:43:04', 'mika', '2017-01-27 08:20:16', 5.0000, 5.0000, 5.0000),
(165, 17, 52050, 10, 'mika', '2017-01-26 14:43:04', 'mika', '2017-01-26 06:43:05', 0.0000, 0.0000, 0.0000),
(166, 17, 52060, 10, 'mika', '2017-01-26 14:43:04', 'mika', '2017-01-27 08:20:29', 5.0000, 5.0000, 5.0000),
(167, 17, 52070, 10, 'mika', '2017-01-26 14:43:04', 'mika', '2017-01-26 06:43:05', 0.0000, 0.0000, 0.0000),
(168, 17, 52080, 10, 'mika', '2017-01-26 14:43:04', 'mika', '2017-01-26 06:43:05', 0.0000, 0.0000, 0.0000),
(169, 17, 52710, 10, 'mika', '2017-01-26 14:43:04', 'mika', '2017-01-26 06:43:05', 0.0000, 0.0000, 0.0000),
(170, 17, 52720, 10, 'mika', '2017-01-26 14:43:04', 'mika', '2017-01-26 06:43:05', 0.0000, 0.0000, 0.0000),
(171, 18, 52710, 10, 'mika', '2017-01-26 14:44:20', 'mika', '2017-01-27 07:29:43', 5.0000, 5.0000, 5.0000),
(172, 18, 52720, 10, 'mika', '2017-01-26 14:44:20', 'mika', '2017-01-27 07:29:54', 5.0000, 5.0000, 5.0000),
(173, 19, 52010, 1, 'mika', '2017-01-26 14:45:17', 'mika', '2017-01-26 06:45:17', 0.0000, 0.0000, 0.0000),
(174, 19, 52020, 1, 'mika', '2017-01-26 14:45:17', 'mika', '2017-01-26 06:45:18', 0.0000, 0.0000, 0.0000),
(175, 19, 52030, 1, 'mika', '2017-01-26 14:45:17', 'mika', '2017-01-26 06:45:18', 0.0000, 0.0000, 0.0000),
(176, 19, 52040, 1, 'mika', '2017-01-26 14:45:17', 'mika', '2017-01-26 06:45:18', 0.0000, 0.0000, 0.0000),
(177, 19, 52050, 1, 'mika', '2017-01-26 14:45:17', 'mika', '2017-01-26 06:45:18', 0.0000, 0.0000, 0.0000),
(178, 19, 52060, 1, 'mika', '2017-01-26 14:45:17', 'mika', '2017-01-26 06:45:18', 0.0000, 0.0000, 0.0000),
(179, 19, 52070, 1, 'mika', '2017-01-26 14:45:17', 'mika', '2017-01-26 06:45:18', 0.0000, 0.0000, 0.0000),
(180, 19, 52080, 1, 'mika', '2017-01-26 14:45:17', 'mika', '2017-01-26 06:45:18', 0.0000, 0.0000, 0.0000),
(181, 19, 52710, 1, 'mika', '2017-01-26 14:45:17', 'mika', '2017-01-26 06:45:18', 0.0000, 0.0000, 0.0000),
(182, 19, 52720, 1, 'mika', '2017-01-26 14:45:17', 'mika', '2017-01-26 06:45:18', 0.0000, 0.0000, 0.0000),
(183, 20, 52010, 1, 'mika', '2017-01-26 14:46:03', 'mika', '2017-01-26 06:46:04', 0.0000, 0.0000, 0.0000),
(184, 20, 52020, 1, 'mika', '2017-01-26 14:46:03', 'mika', '2017-01-26 06:46:04', 0.0000, 0.0000, 0.0000),
(185, 20, 52030, 1, 'mika', '2017-01-26 14:46:03', 'mika', '2017-01-26 06:46:04', 0.0000, 0.0000, 0.0000),
(186, 20, 52040, 1, 'mika', '2017-01-26 14:46:03', 'mika', '2017-01-26 06:46:04', 0.0000, 0.0000, 0.0000),
(187, 20, 52050, 1, 'mika', '2017-01-26 14:46:03', 'mika', '2017-01-26 06:46:04', 0.0000, 0.0000, 0.0000),
(188, 20, 52060, 1, 'mika', '2017-01-26 14:46:03', 'mika', '2017-01-26 06:46:04', 0.0000, 0.0000, 0.0000),
(189, 20, 52070, 1, 'mika', '2017-01-26 14:46:03', 'mika', '2017-01-26 06:46:04', 0.0000, 0.0000, 0.0000),
(190, 20, 52080, 1, 'mika', '2017-01-26 14:46:03', 'mika', '2017-01-26 06:46:04', 0.0000, 0.0000, 0.0000),
(191, 20, 52710, 1, 'mika', '2017-01-26 14:46:03', 'mika', '2017-01-26 06:46:04', 0.0000, 0.0000, 0.0000),
(192, 20, 52720, 1, 'mika', '2017-01-26 14:46:03', 'mika', '2017-01-26 06:46:04', 0.0000, 0.0000, 0.0000),
(193, 21, 52710, 10, 'fathi', '2017-01-26 22:45:22', 'fathi', '2017-01-27 02:30:52', 2.7500, 5.0000, 4.3250),
(194, 21, 52720, 10, 'fathi', '2017-01-26 22:45:22', 'fathi', '2017-01-27 02:41:48', 4.0000, 5.0000, 4.7000),
(195, 22, 52010, 1, 'cassli', '2017-01-27 22:29:39', 'cassli', '2017-01-27 14:29:39', 0.0000, 0.0000, 0.0000),
(196, 22, 52020, 1, 'cassli', '2017-01-27 22:29:39', 'cassli', '2017-01-27 14:29:39', 0.0000, 0.0000, 0.0000),
(197, 22, 52030, 1, 'cassli', '2017-01-27 22:29:39', 'cassli', '2017-01-27 14:29:39', 0.0000, 0.0000, 0.0000),
(198, 22, 52040, 1, 'cassli', '2017-01-27 22:29:39', 'cassli', '2017-01-27 14:29:39', 0.0000, 0.0000, 0.0000),
(199, 22, 52050, 1, 'cassli', '2017-01-27 22:29:39', 'cassli', '2017-01-27 14:29:39', 0.0000, 0.0000, 0.0000),
(200, 22, 52060, 1, 'cassli', '2017-01-27 22:29:39', 'cassli', '2017-01-27 14:29:39', 0.0000, 0.0000, 0.0000),
(201, 22, 52070, 1, 'cassli', '2017-01-27 22:29:39', 'cassli', '2017-01-27 14:29:39', 0.0000, 0.0000, 0.0000),
(202, 22, 52080, 1, 'cassli', '2017-01-27 22:29:39', 'cassli', '2017-01-27 14:29:39', 0.0000, 0.0000, 0.0000),
(203, 22, 52710, 1, 'cassli', '2017-01-27 22:29:39', 'cassli', '2017-01-27 14:29:39', 0.0000, 0.0000, 0.0000),
(204, 22, 52720, 1, 'cassli', '2017-01-27 22:29:39', 'cassli', '2017-01-27 14:29:39', 0.0000, 0.0000, 0.0000),
(205, 23, 52010, 1, 'cassli', '2017-01-27 22:30:38', 'cassli', '2017-01-27 14:30:38', 0.0000, 0.0000, 0.0000),
(206, 23, 52020, 1, 'cassli', '2017-01-27 22:30:38', 'cassli', '2017-01-27 14:30:38', 0.0000, 0.0000, 0.0000),
(207, 23, 52030, 1, 'cassli', '2017-01-27 22:30:38', 'cassli', '2017-01-27 14:30:38', 0.0000, 0.0000, 0.0000),
(208, 23, 52040, 1, 'cassli', '2017-01-27 22:30:38', 'cassli', '2017-01-27 14:30:38', 0.0000, 0.0000, 0.0000),
(209, 23, 52050, 1, 'cassli', '2017-01-27 22:30:38', 'cassli', '2017-01-27 14:30:38', 0.0000, 0.0000, 0.0000),
(210, 23, 52060, 1, 'cassli', '2017-01-27 22:30:38', 'cassli', '2017-01-27 14:30:38', 0.0000, 0.0000, 0.0000),
(211, 23, 52070, 1, 'cassli', '2017-01-27 22:30:38', 'cassli', '2017-01-27 14:30:38', 0.0000, 0.0000, 0.0000),
(212, 23, 52080, 1, 'cassli', '2017-01-27 22:30:38', 'cassli', '2017-01-27 14:30:38', 0.0000, 0.0000, 0.0000),
(213, 23, 52710, 1, 'cassli', '2017-01-27 22:30:38', 'cassli', '2017-01-27 14:30:38', 0.0000, 0.0000, 0.0000),
(214, 23, 52720, 1, 'cassli', '2017-01-27 22:30:38', 'cassli', '2017-01-27 14:30:38', 0.0000, 0.0000, 0.0000),
(215, 24, 52010, 100, 'mika', '2017-01-30 14:43:33', 'mika', '2017-01-30 06:43:34', 0.0000, 0.0000, 0.0000),
(216, 24, 52020, 100, 'mika', '2017-01-30 14:43:33', 'mika', '2017-01-30 06:43:34', 0.0000, 0.0000, 0.0000),
(217, 24, 52030, 100, 'mika', '2017-01-30 14:43:33', 'mika', '2017-01-30 06:43:34', 0.0000, 0.0000, 0.0000),
(218, 24, 52040, 100, 'mika', '2017-01-30 14:43:33', 'mika', '2017-01-30 06:43:34', 0.0000, 0.0000, 0.0000),
(219, 24, 52050, 100, 'mika', '2017-01-30 14:43:33', 'mika', '2017-01-30 06:43:34', 0.0000, 0.0000, 0.0000),
(220, 24, 52060, 100, 'mika', '2017-01-30 14:43:33', 'mika', '2017-01-30 06:43:34', 0.0000, 0.0000, 0.0000),
(221, 24, 52070, 100, 'mika', '2017-01-30 14:43:33', 'mika', '2017-01-30 06:43:34', 0.0000, 0.0000, 0.0000),
(222, 24, 52080, 100, 'mika', '2017-01-30 14:43:33', 'mika', '2017-01-30 06:43:34', 0.0000, 0.0000, 0.0000),
(223, 24, 52710, 100, 'mika', '2017-01-30 14:43:33', 'mika', '2017-01-30 06:43:34', 0.0000, 0.0000, 0.0000),
(224, 24, 52720, 100, 'mika', '2017-01-30 14:43:33', 'mika', '2017-01-30 06:43:35', 0.0000, 0.0000, 0.0000),
(225, 25, 52010, 300, 'mika', '2017-02-01 08:30:42', 'mika', '2017-02-01 00:30:42', 0.0000, 0.0000, 0.0000),
(226, 25, 52020, 100, 'mika', '2017-02-01 08:30:42', 'mika', '2017-02-01 00:30:42', 0.0000, 0.0000, 0.0000),
(227, 25, 52030, 30, 'mika', '2017-02-01 08:30:42', 'mika', '2017-02-01 00:30:42', 0.0000, 0.0000, 0.0000),
(228, 25, 52040, 50, 'mika', '2017-02-01 08:30:42', 'mika', '2017-02-01 00:30:42', 0.0000, 0.0000, 0.0000),
(229, 25, 52050, 60, 'mika', '2017-02-01 08:30:42', 'mika', '2017-02-01 00:30:42', 0.0000, 0.0000, 0.0000),
(230, 25, 52060, 70, 'mika', '2017-02-01 08:30:42', 'mika', '2017-02-01 00:30:42', 0.0000, 0.0000, 0.0000),
(231, 25, 52070, 80, 'mika', '2017-02-01 08:30:42', 'mika', '2017-02-01 00:30:43', 0.0000, 0.0000, 0.0000),
(232, 25, 52080, 60, 'mika', '2017-02-01 08:30:42', 'mika', '2017-02-01 00:30:43', 0.0000, 0.0000, 0.0000),
(233, 25, 52710, 45, 'mika', '2017-02-01 08:30:42', 'mika', '2017-02-01 00:30:43', 0.0000, 0.0000, 0.0000),
(234, 25, 52720, 62, 'mika', '2017-02-01 08:30:42', 'mika', '2017-02-01 00:30:43', 0.0000, 0.0000, 0.0000);

-- --------------------------------------------------------

--
-- Table structure for table `spj_detil`
--

CREATE TABLE `spj_detil` (
  `spj_d_id` int(11) NOT NULL,
  `keg_id` int(11) NOT NULL,
  `spj_d_unitkerja` int(5) NOT NULL,
  `spj_d_tgl` date NOT NULL,
  `spj_d_jumlah` int(11) NOT NULL,
  `spj_d_dibuat_oleh` varchar(20) NOT NULL,
  `spj_d_dibuat_waktu` datetime NOT NULL,
  `spj_d_diupdate_oleh` varchar(20) NOT NULL,
  `spj_d_diupdate_waktu` timestamp NOT NULL DEFAULT CURRENT_TIMESTAMP ON UPDATE CURRENT_TIMESTAMP,
  `spj_d_jenis` int(1) NOT NULL,
  `spj_d_link_laci` varchar(254) DEFAULT NULL,
  `spj_d_ket` varchar(254) DEFAULT NULL
) ENGINE=InnoDB DEFAULT CHARSET=latin1;

--
-- Dumping data for table `spj_detil`
--

INSERT INTO `spj_detil` (`spj_d_id`, `keg_id`, `spj_d_unitkerja`, `spj_d_tgl`, `spj_d_jumlah`, `spj_d_dibuat_oleh`, `spj_d_dibuat_waktu`, `spj_d_diupdate_oleh`, `spj_d_diupdate_waktu`, `spj_d_jenis`, `spj_d_link_laci`, `spj_d_ket`) VALUES
(1, 24, 52010, '2017-02-01', 1, 'mika', '2017-02-01 09:02:18', 'mika', '2017-02-01 01:16:33', 1, '', 'email'),
(3, 24, 52020, '2017-02-01', 1, 'mika', '2017-02-01 15:10:07', 'mika', '2017-02-01 07:10:07', 1, '', 'email'),
(4, 24, 0, '2017-02-01', 1, 'mika', '2017-02-02 07:57:53', 'mika', '2017-02-01 23:57:53', 2, NULL, 'mika'),
(5, 24, 0, '2017-02-01', 1, 'mika', '2017-02-02 07:59:03', 'mika', '2017-02-01 23:59:03', 2, NULL, 'mika'),
(6, 24, 52030, '2017-02-01', 1, 'mika', '2017-02-02 08:00:31', 'mika', '2017-02-02 00:00:31', 1, '', 'email'),
(7, 24, 52010, '2017-02-01', 1, 'mika', '2017-02-02 08:00:49', 'mika', '2017-02-02 00:00:49', 2, NULL, 'mika');

-- --------------------------------------------------------

--
-- Table structure for table `unitkerja`
--

CREATE TABLE `unitkerja` (
  `unit_kode` int(5) NOT NULL,
  `unit_nama` varchar(254) NOT NULL,
  `unit_parent` int(5) DEFAULT NULL,
  `unit_jenis` int(1) NOT NULL,
  `unit_dibuat_waktu` datetime NOT NULL,
  `unit_dibuat_oleh` varchar(20) NOT NULL,
  `unit_diupdate_waktu` timestamp NOT NULL DEFAULT CURRENT_TIMESTAMP ON UPDATE CURRENT_TIMESTAMP,
  `unit_diupdate_oleh` varchar(20) NOT NULL,
  `unit_eselon` int(1) NOT NULL
) ENGINE=InnoDB DEFAULT CHARSET=latin1;

--
-- Dumping data for table `unitkerja`
--

INSERT INTO `unitkerja` (`unit_kode`, `unit_nama`, `unit_parent`, `unit_jenis`, `unit_dibuat_waktu`, `unit_dibuat_oleh`, `unit_diupdate_waktu`, `unit_diupdate_oleh`, `unit_eselon`) VALUES
(52000, 'BPS Provinsi Nusa Tenggara Barat', NULL, 1, '2016-12-06 08:12:08', 'mika', '2016-12-06 00:12:08', 'mika', 2),
(52010, 'BPS Kabupaten Lombok Barat', 52000, 2, '2016-12-06 09:22:39', 'mika', '2016-12-06 08:24:32', 'mika', 3),
(52020, 'BPS Kabupaten Lombok Tengah', 52000, 2, '2016-12-06 09:25:49', 'mika', '2016-12-06 08:26:36', 'mika', 3),
(52030, 'BPS Kabupaten Lombok Timur', 52000, 2, '2016-12-06 09:26:21', 'mika', '2016-12-06 08:26:21', 'mika', 3),
(52040, 'BPS Kabupaten Sumbawa', 52000, 2, '2016-12-06 09:26:54', 'mika', '2016-12-06 08:26:54', 'mika', 3),
(52050, 'BPS Kabupaten Dompu', 52000, 2, '2016-12-06 09:28:40', 'mika', '2016-12-06 08:28:40', 'mika', 3),
(52060, 'BPS Kabupaten Bima', 52000, 2, '2016-12-06 09:30:55', 'mika', '2016-12-06 08:30:55', 'mika', 3),
(52070, 'BPS Kabupaten Sumbawa Barat', 52000, 2, '2016-12-06 09:31:13', 'mika', '2016-12-06 08:31:13', 'mika', 3),
(52080, 'BPS Kabupaten Lombok Utara', 52000, 2, '2016-12-06 09:31:27', 'mika', '2016-12-06 08:31:27', 'mika', 3),
(52510, 'Bagian Tata Usaha', 52000, 1, '2016-12-06 09:35:55', 'mika', '2016-12-06 08:35:55', 'mika', 3),
(52511, 'Subbagian Bina Program', 52510, 1, '2016-12-10 13:28:49', 'mika', '2016-12-10 05:28:49', 'mika', 4),
(52512, 'Subbagian Kepegawaian & Hukum', 52510, 1, '2016-12-10 13:33:23', 'mika', '2016-12-10 05:33:23', 'mika', 4),
(52513, 'Subbagian Keuangan', 52510, 1, '2016-12-10 13:35:10', 'mika', '2016-12-10 05:35:10', 'mika', 4),
(52514, 'Subbagian Urusan Dalam', 52510, 1, '2016-12-10 13:35:54', 'mika', '2016-12-10 05:37:11', 'mika', 4),
(52515, 'Subbagian Perlengkapan', 52510, 1, '2016-12-10 13:40:09', 'mika', '2016-12-10 05:40:09', 'mika', 4),
(52520, 'Bidang Statistik Sosial', 52000, 1, '2016-12-06 09:36:50', 'mika', '2016-12-10 05:39:26', 'mika', 3),
(52521, 'Seksi Statistik Kependudukan', 52520, 1, '2016-12-10 13:43:19', 'mika', '2016-12-10 05:43:19', 'mika', 4),
(52522, 'Seksi Statistik Ketahanan Sosial', 52520, 1, '2016-12-10 13:43:51', 'mika', '2016-12-10 05:43:51', 'mika', 4),
(52523, 'Seksi Statistik Kesejahteraan Rakyat', 52520, 1, '2016-12-10 13:44:14', 'mika', '2016-12-10 05:44:14', 'mika', 4),
(52530, 'Bidang Statistik Produksi', 52000, 1, '2016-12-06 09:37:57', 'mika', '2016-12-06 08:37:57', 'mika', 3),
(52531, 'Seksi Statistik Pertanian', 52530, 1, '2016-12-10 18:52:16', 'mika', '2016-12-10 10:52:16', 'mika', 4),
(52532, 'Seksi Statistik Industri', 52530, 1, '2016-12-10 18:52:50', 'mika', '2016-12-10 10:52:50', 'mika', 4),
(52533, 'Seksi Statistik Pertambangan, Energi dan Konstruksi', 52530, 1, '2016-12-10 18:53:38', 'mika', '2016-12-10 10:53:38', 'mika', 4),
(52540, 'Bidang Statistik Distribusi', 52000, 1, '2016-12-07 07:42:46', 'mika', '2016-12-07 06:42:46', 'mika', 3),
(52541, 'Seksi Statistik Harga Konsumen dan Harga Perdagangan Besar', 52540, 1, '2016-12-10 18:54:22', 'mika', '2016-12-10 10:54:22', 'mika', 4),
(52542, 'Seksi Statistik Keuangan Dan Harga Produsen', 52540, 1, '2016-12-10 18:54:47', 'mika', '2016-12-10 10:54:47', 'mika', 4),
(52543, 'Seksi Statistik Niaga dan Jasa', 52540, 1, '2016-12-10 18:55:20', 'mika', '2016-12-10 10:55:20', 'mika', 4),
(52550, 'Bidang Neraca Wilayah dan Analisis Statistik', 52000, 1, '2016-12-07 07:42:25', 'mika', '2016-12-07 06:42:25', 'mika', 3),
(52551, 'Seksi Neraca Produksi', 52550, 1, '2016-12-10 18:58:18', 'mika', '2016-12-10 10:58:18', 'mika', 4),
(52552, 'Seksi Neraca Konsumsi', 52550, 1, '2016-12-10 18:58:43', 'mika', '2016-12-10 10:58:43', 'mika', 4),
(52553, 'Seksi Analisis Statistik Lintas Sektoral', 52550, 1, '2016-12-10 18:59:06', 'mika', '2016-12-10 10:59:06', 'mika', 4),
(52560, 'Bidang Integrasi Pengolahan Dan Diseminasi Statistik', 52000, 1, '2016-12-06 09:34:35', 'mika', '2016-12-10 05:24:28', 'mika', 3),
(52561, 'Seksi Integrasi Pengolahan Data', 52560, 1, '2016-12-06 09:23:00', 'mika', '2016-12-06 08:37:00', 'mika', 4),
(52562, 'Seksi Jaringan dan Rujukan Statistik', 52560, 1, '2016-12-06 09:25:26', 'mika', '2016-12-06 08:37:10', 'mika', 4),
(52563, 'Seksi Diseminasi dan Layanan Statistik', 52560, 1, '2016-12-06 09:36:17', 'mika', '2016-12-06 08:37:18', 'mika', 4),
(52710, 'BPS Kota Mataram', 52000, 2, '2016-12-06 09:32:53', 'mika', '2016-12-06 08:32:53', 'mika', 3),
(52720, 'BPS Kota Bima', 52000, 2, '2016-12-06 09:33:10', 'mika', '2016-12-06 08:33:10', 'mika', 3);

-- --------------------------------------------------------

--
-- Table structure for table `users`
--

CREATE TABLE `users` (
  `user_no` int(9) NOT NULL,
  `user_id` varchar(20) NOT NULL,
  `user_nama` varchar(254) NOT NULL,
  `user_passwd` varchar(32) NOT NULL,
  `user_email` varchar(254) NOT NULL,
  `user_unitkerja` int(5) NOT NULL,
  `user_dibuat_waktu` datetime NOT NULL,
  `user_lastlogin` datetime NOT NULL,
  `user_lastip` varchar(20) NOT NULL,
  `user_dibuat_oleh` varchar(20) NOT NULL,
  `user_status` int(1) NOT NULL,
  `user_diupdate_waktu` datetime NOT NULL,
  `user_diupdate_oleh` varchar(20) NOT NULL,
  `user_level` int(1) NOT NULL
) ENGINE=InnoDB DEFAULT CHARSET=latin1;

--
-- Dumping data for table `users`
--

INSERT INTO `users` (`user_no`, `user_id`, `user_nama`, `user_passwd`, `user_email`, `user_unitkerja`, `user_dibuat_waktu`, `user_lastlogin`, `user_lastip`, `user_dibuat_oleh`, `user_status`, `user_diupdate_waktu`, `user_diupdate_oleh`, `user_level`) VALUES
(1, 'mika', 'I Putu Dyatmika', 'f3e602226149ae540e7a9fba728931c4', 'dyatmika@bps.go.id', 52563, '2016-12-06 08:02:45', '2017-02-01 08:27:26', '10.52.6.31', 'mika', 1, '2016-12-21 15:25:42', 'admin', 5),
(6, 'zam', 'Akhmad Zammiluny', 'af86ac1129b1c68cee5c200259d8e11d', 'zammiluny@bps.go.id', 52540, '2016-12-07 16:45:06', '2017-01-29 08:39:53', '192.168.1.9', 'mika', 1, '2016-12-13 16:14:18', 'mika', 3),
(7, 'endang', 'Endang Tri Wahyuningsih', '715e8efadb0019bf7e885934fef9460d', 'endang_t@bps.go.id', 52000, '2016-12-07 16:45:36', '2017-01-25 10:29:29', '10.52.6.31', 'mika', 1, '2016-12-13 15:54:44', 'mika', 1),
(8, 'supratna', 'Lalu Supratna', 'b57fd1497a390d03389db5c2d2ceb7c9', 'supratna@bps.go.id', 52020, '2016-12-07 16:46:12', '0000-00-00 00:00:00', '', 'mika', 1, '2016-12-13 15:54:55', 'mika', 1),
(9, 'arsana', 'I Made Arsana', '413050282b36fa042e65ccea76600211', 'arsana@bps.go.id', 52510, '2016-12-10 13:42:37', '2016-12-13 16:12:22', '10.52.6.31', 'mika', 1, '2017-01-29 09:13:29', 'fathi', 3),
(10, 'rita', 'Rita', '8db5287529c36a281b9f32880b198947', 'rita@bps.go.id', 52530, '2016-12-10 13:44:58', '2017-02-01 09:41:38', '10.52.6.34', 'mika', 1, '2016-12-16 11:00:24', 'mika', 3),
(11, 'bps5203', 'BPS Kabupaten Lombok Timur', 'df2b6ea76b54463bf83b447e585fa35c', 'bps5203@bps.go.id', 52030, '2016-12-13 15:48:00', '2017-01-29 08:45:31', '192.168.1.9', 'mika', 1, '2017-01-26 14:49:40', 'mika', 2),
(12, 'agus', 'Agus Sudibyo', 'a6c343878b521fa0b4d96b261417a7aa', 'agus_sudibyo@bps.go.id', 52560, '2016-12-13 15:48:38', '2017-01-26 21:19:18', '192.168.1.9', 'mika', 1, '2017-01-26 21:18:07', 'mika', 1),
(13, 'lina', 'Lina Winarni', 'e09bd07477bf7953be894bef8074623c', 'lina@bps.go.id', 52510, '2016-12-14 14:53:47', '2017-01-24 14:13:02', '10.52.6.31', 'mika', 1, '2017-01-29 09:14:16', 'fathi', 3),
(14, 'cassli', 'Casslirais Surawan', 'c0c2be89659678fffe142b9475a32d81', 'casslirais@bps.go.id', 52560, '2016-12-16 08:57:47', '2017-01-28 17:55:59', '192.168.1.9', 'mika', 1, '2017-01-29 09:02:12', 'fathi', 4),
(15, 'fathi', 'M. Fathi', '608c18749a87198c9bfeb55cec1d66d3', 'fathi@bps.go.id', 52560, '2016-12-16 08:58:11', '2017-01-30 10:57:36', '10.52.6.31', 'mika', 1, '2016-12-16 11:04:14', 'mika', 4),
(16, 'bps5201', 'BPS Kabupaten Lombok Barat', '8dac61b870997b5d8c707d7f03cd0a03', 'bps5201@bps.go.id', 52010, '2016-12-16 11:19:42', '2017-01-26 23:06:22', '192.168.1.6', 'mika', 1, '2017-01-26 14:49:25', 'mika', 2),
(17, 'isna', 'Isna Zuriatina', '238b2b7c02d936921098267a025774c8', 'isna@bps.go.id', 52520, '2016-12-16 16:58:08', '2016-12-21 10:52:59', '10.52.6.31', 'mika', 1, '2016-12-21 10:52:45', 'isna', 3),
(18, 'admin', 'Admin Sistem', '09dc140248a067f821a5743906af9fdc', 'admin@bpsntb.web.id', 52000, '2016-12-21 15:24:48', '2017-01-25 10:31:08', '10.52.6.31', 'mika', 1, '2016-12-21 15:24:48', 'mika', 5),
(19, 'agus_alwi', 'Agus Alwi', 'a6c343878b521fa0b4d96b261417a7aa', 'agus_alwi@bps.go.id', 52010, '2016-12-21 16:04:11', '0000-00-00 00:00:00', '', 'agus', 1, '2016-12-21 16:04:11', 'agus', 1),
(20, 'bps5271', 'BPS Kota Mataram', '93b80fad7b14744763b3d2d16338ec14', 'bps5271@bps.go.id', 52710, '2017-01-26 14:48:38', '0000-00-00 00:00:00', '', 'mika', 1, '2017-01-26 14:48:38', 'mika', 2),
(21, 'bps5272', 'BPS Kota Bima', 'f8c175ac1590729f8cc138d9435bb5cf', 'bps5272@bps.go.id', 52720, '2017-01-26 14:49:06', '2017-01-26 14:49:53', '10.52.6.31', 'mika', 1, '2017-01-26 14:49:06', 'mika', 2),
(22, 'lukman', 'Lukman', 'd2a1b65dc026e1b3c7d42796f159cb83', 'lukman@bps.go.id', 52562, '2017-01-26 21:19:02', '0000-00-00 00:00:00', '', 'mika', 1, '2017-01-26 21:19:02', 'mika', 4),
(23, 'bps5202', 'BPS Kabupaten Lombok Tengah', '1993348013f7debc4d959bb6833ecc8a', 'bps5202@bps.go.id', 52020, '2017-01-29 08:34:13', '2017-01-29 08:34:34', '192.168.1.9', 'mika', 1, '2017-01-29 08:34:13', 'mika', 2),
(24, 'yudis', 'I Putu Yudhistira', '99c1b3ffcff7097facf1f17eb76405af', 'putu.yudhistira@bps.go.id', 52560, '2017-01-29 09:03:02', '0000-00-00 00:00:00', '', 'fathi', 1, '2017-01-29 09:03:02', 'fathi', 3),
(25, 'bps5204', 'BPS Kabupaten Sumbawa', '6f764a7b026818aff864142e91f59b46', 'bps5204@bps.go.id', 52040, '2017-01-29 09:03:47', '0000-00-00 00:00:00', '', 'fathi', 1, '2017-01-29 09:03:47', 'fathi', 2),
(26, 'bps5205', 'BPS Kabupaten Dompu', '2b76c21701762947a13db61af19081d7', 'bps5205@bps.go.id', 52050, '2017-01-29 09:04:14', '0000-00-00 00:00:00', '', 'fathi', 1, '2017-01-29 09:04:14', 'fathi', 2),
(27, 'bps5206', 'BPS Kabupaten Bima', '817fa25ba269d516582ad355e16bb9a5', 'bps5206@bps.go.id', 52060, '2017-01-29 09:04:45', '0000-00-00 00:00:00', '', 'fathi', 1, '2017-01-29 09:04:45', 'fathi', 2),
(28, 'bps5207', 'BPS Kabupaten Sumbawa Barat', 'bad1c016afc4ad0ada93500c5aedc3e8', 'bps5207@bps.go.id', 52070, '2017-01-29 09:05:22', '0000-00-00 00:00:00', '', 'fathi', 1, '2017-01-29 09:05:22', 'fathi', 2),
(29, 'bps5208', 'BPS Kabupaten Lombok Utara', '0e09a471bd653559e8e3e10ed5f37b9b', 'bps5208@bps.go.id', 52080, '2017-01-29 09:06:28', '0000-00-00 00:00:00', '', 'fathi', 1, '2017-01-29 09:06:28', 'fathi', 2),
(30, 'wini', 'Wini Widiastuti', '5107e325c0924177c23fd39fc25bb9cc', 'winiwidiastuti@bps.go.id', 52540, '2017-01-29 09:15:07', '0000-00-00 00:00:00', '', 'fathi', 1, '2017-01-29 09:15:07', 'fathi', 3);

--
-- Indexes for dumped tables
--

--
-- Indexes for table `kegiatan`
--
ALTER TABLE `kegiatan`
  ADD PRIMARY KEY (`keg_id`);

--
-- Indexes for table `keg_detil`
--
ALTER TABLE `keg_detil`
  ADD PRIMARY KEY (`keg_d_id`);

--
-- Indexes for table `keg_d_file`
--
ALTER TABLE `keg_d_file`
  ADD PRIMARY KEY (`file_id`);

--
-- Indexes for table `keg_spj`
--
ALTER TABLE `keg_spj`
  ADD PRIMARY KEY (`keg_s_id`);

--
-- Indexes for table `keg_target`
--
ALTER TABLE `keg_target`
  ADD PRIMARY KEY (`keg_t_id`);

--
-- Indexes for table `spj_detil`
--
ALTER TABLE `spj_detil`
  ADD PRIMARY KEY (`spj_d_id`);

--
-- Indexes for table `unitkerja`
--
ALTER TABLE `unitkerja`
  ADD PRIMARY KEY (`unit_kode`);

--
-- Indexes for table `users`
--
ALTER TABLE `users`
  ADD PRIMARY KEY (`user_no`);

--
-- AUTO_INCREMENT for dumped tables
--

--
-- AUTO_INCREMENT for table `kegiatan`
--
ALTER TABLE `kegiatan`
  MODIFY `keg_id` int(11) NOT NULL AUTO_INCREMENT, AUTO_INCREMENT=26;
--
-- AUTO_INCREMENT for table `keg_detil`
--
ALTER TABLE `keg_detil`
  MODIFY `keg_d_id` int(11) NOT NULL AUTO_INCREMENT, AUTO_INCREMENT=80;
--
-- AUTO_INCREMENT for table `keg_d_file`
--
ALTER TABLE `keg_d_file`
  MODIFY `file_id` bigint(12) NOT NULL AUTO_INCREMENT;
--
-- AUTO_INCREMENT for table `keg_spj`
--
ALTER TABLE `keg_spj`
  MODIFY `keg_s_id` int(11) NOT NULL AUTO_INCREMENT, AUTO_INCREMENT=23;
--
-- AUTO_INCREMENT for table `keg_target`
--
ALTER TABLE `keg_target`
  MODIFY `keg_t_id` int(11) NOT NULL AUTO_INCREMENT, AUTO_INCREMENT=235;
--
-- AUTO_INCREMENT for table `spj_detil`
--
ALTER TABLE `spj_detil`
  MODIFY `spj_d_id` int(11) NOT NULL AUTO_INCREMENT, AUTO_INCREMENT=9;
--
-- AUTO_INCREMENT for table `users`
--
ALTER TABLE `users`
  MODIFY `user_no` int(9) NOT NULL AUTO_INCREMENT, AUTO_INCREMENT=31;
/*!40101 SET CHARACTER_SET_CLIENT=@OLD_CHARACTER_SET_CLIENT */;
/*!40101 SET CHARACTER_SET_RESULTS=@OLD_CHARACTER_SET_RESULTS */;
/*!40101 SET COLLATION_CONNECTION=@OLD_COLLATION_CONNECTION */;
